{
  "k_on": 0.1213315493874326,
  "k_off": 0.004427463509482138,
  "tau_d": 1.9995231807116223,
  "wn": 0.8067659789113562,
  "zeta": 0.45952227874633333,
  "K": 1.1944534444608468,
  "b0": 188.34112029129207,
  "k_bd": 0.5694114637175217,
  "T_end": 20.869754241981422
}